[
  {
    "id": "6c133b61-c90e-43e3-a8ec-a802cb9a88f8",
    "data": [
      {
        "text": "dessert\u0026drinks",
        "userDefined": false
      }
    ],
    "isTemplate": false,
    "count": 0,
    "lang": "en",
    "updated": 0
  },
  {
    "id": "a6af769e-0308-4de1-ad9b-95a22054586b",
    "data": [
      {
        "text": "Dessert",
        "userDefined": false
      }
    ],
    "isTemplate": false,
    "count": 0,
    "lang": "en",
    "updated": 0
  },
  {
    "id": "e3e1acfe-4d37-44ae-81b3-acfe58d12280",
    "data": [
      {
        "text": "Drink",
        "userDefined": false
      }
    ],
    "isTemplate": false,
    "count": 0,
    "lang": "en",
    "updated": 0
  }
]