[
  {
    "id": "45987820-fc15-467c-bcff-5471a9006ac6",
    "data": [
      {
        "text": "Mayo_pasta",
        "meta": "@sys.person",
        "alias": "person",
        "userDefined": false
      }
    ],
    "isTemplate": false,
    "count": 0,
    "lang": "en",
    "updated": 0
  },
  {
    "id": "012c84d3-30f0-4cd0-b867-a00213e41759",
    "data": [
      {
        "text": "Momos",
        "userDefined": false
      }
    ],
    "isTemplate": false,
    "count": 0,
    "lang": "en",
    "updated": 0
  },
  {
    "id": "fa397551-965d-41f5-9f74-d6600efd23ce",
    "data": [
      {
        "text": "Siddu",
        "meta": "@sys.person",
        "alias": "person",
        "userDefined": false
      }
    ],
    "isTemplate": false,
    "count": 0,
    "lang": "en",
    "updated": 0
  },
  {
    "id": "0c53dbc4-b9a3-4221-9ef8-38a699779c25",
    "data": [
      {
        "text": "Paneer_tikka",
        "userDefined": false
      }
    ],
    "isTemplate": false,
    "count": 0,
    "lang": "en",
    "updated": 0
  },
  {
    "id": "c49b96df-baa0-4574-ad0d-72e6dcd2ec96",
    "data": [
      {
        "text": "vegetable_samosa",
        "userDefined": false
      }
    ],
    "isTemplate": false,
    "count": 0,
    "lang": "en",
    "updated": 0
  }
]